Metric,Value
Mean Uniqueness,0.001638772698719954
Median Uniqueness,0.0016022680623973729
Mean Sample Weight,4.076520270448085e-05
Median Sample Weight,3.3464283010131474e-05
